province,forecast_horizon,lookback,accuracy,precision,recall,f1,roc_auc
An_Giang,1,30,0.7099236641221374,0.7755102040816326,0.5846153846153846,0.6666666666666666,0.6974358974358975
An_Giang,1,15,0.6793893129770993,0.7017543859649122,0.6153846153846154,0.6557377049180327,0.7137529137529138
An_Giang,1,10,0.6717557251908397,0.6896551724137931,0.6153846153846154,0.6504065040650406,0.7272727272727273
An_Giang,1,7,0.648854961832061,0.6727272727272727,0.5692307692307692,0.6166666666666667,0.7123543123543122
An_Giang,1,5,0.6335877862595419,0.6545454545454545,0.5538461538461539,0.6,0.6608391608391609
An_Giang,1,3,0.5877862595419847,0.5932203389830508,0.5384615384615384,0.5645161290322581,0.6517482517482519
Bac_Ninh,1,15,0.7099236641221374,0.7843137254901961,0.8333333333333334,0.8080808080808081,0.6752976190476191
Bac_Ninh,1,5,0.7022900763358778,0.7714285714285715,0.84375,0.8059701492537313,0.6943452380952381
Bac_Ninh,1,3,0.7022900763358778,0.7821782178217822,0.8229166666666666,0.8020304568527918,0.6976190476190477
Bac_Ninh,1,7,0.7022900763358778,0.7821782178217822,0.8229166666666666,0.8020304568527918,0.6839285714285714
Bac_Ninh,1,10,0.7022900763358778,0.7821782178217822,0.8229166666666666,0.8020304568527918,0.6925595238095238
Bac_Ninh,1,30,0.6946564885496184,0.7745098039215687,0.8229166666666666,0.797979797979798,0.6333333333333333
Ca_Mau,1,30,0.6030534351145038,0.782051282051282,0.6354166666666666,0.7011494252873564,0.5967261904761905
Ca_Mau,1,15,0.5572519083969466,0.7878787878787878,0.5416666666666666,0.6419753086419753,0.611904761904762
Ca_Mau,1,10,0.5267175572519084,0.7297297297297297,0.5625,0.6352941176470588,0.568154761904762
Ca_Mau,1,7,0.5190839694656488,0.746268656716418,0.5208333333333334,0.6134969325153374,0.5651785714285714
Ca_Mau,1,5,0.4961832061068702,0.7083333333333334,0.53125,0.6071428571428571,0.5416666666666666
Ca_Mau,1,3,0.4961832061068702,0.7205882352941176,0.5104166666666666,0.5975609756097561,0.5732142857142857
Can_Tho,1,15,0.5725190839694656,0.6909090909090909,0.4935064935064935,0.5757575757575758,0.5995670995670995
Can_Tho,1,30,0.5267175572519084,0.6190476190476191,0.5064935064935064,0.5571428571428572,0.612073112073112
Can_Tho,1,10,0.5343511450381679,0.6379310344827587,0.4805194805194805,0.5481481481481482,0.5442520442520442
Can_Tho,1,7,0.5648854961832062,0.717391304347826,0.42857142857142855,0.5365853658536586,0.5276575276575276
Can_Tho,1,3,0.5343511450381679,0.6538461538461539,0.44155844155844154,0.5271317829457365,0.5319865319865319
Can_Tho,1,5,0.5267175572519084,0.6829268292682927,0.36363636363636365,0.4745762711864407,0.5247715247715248
Cao_Bang,1,7,0.7099236641221374,0.7551020408163265,0.8409090909090909,0.7956989247311828,0.5364693446088795
Cao_Bang,1,5,0.7022900763358778,0.7474747474747475,0.8409090909090909,0.7914438502673797,0.571353065539112
Cao_Bang,1,30,0.6946564885496184,0.7448979591836735,0.8295454545454546,0.7849462365591398,0.569767441860465
Cao_Bang,1,15,0.6870229007633588,0.7422680412371134,0.8181818181818182,0.7783783783783784,0.5393763213530656
Cao_Bang,1,10,0.6717557251908397,0.7368421052631579,0.7954545454545454,0.7650273224043715,0.5576109936575053
Cao_Bang,1,3,0.6641221374045801,0.7391304347826086,0.7727272727272727,0.7555555555555555,0.5845665961945031
Da_Nang,1,30,0.6870229007633588,0.6565656565656566,0.9027777777777778,0.7602339181286549,0.7245762711864406
Da_Nang,1,15,0.648854961832061,0.6203703703703703,0.9305555555555556,0.7444444444444445,0.7864877589453861
Da_Nang,1,10,0.6030534351145038,0.5847457627118644,0.9583333333333334,0.7263157894736842,0.7594161958568738
Da_Nang,1,7,0.5954198473282443,0.5826086956521739,0.9305555555555556,0.7165775401069518,0.7368173258003767
Da_Nang,1,5,0.5725190839694656,0.5727272727272728,0.875,0.6923076923076923,0.6548964218455744
Da_Nang,1,3,0.5725190839694656,0.5769230769230769,0.8333333333333334,0.6818181818181818,0.6245291902071564
Dak_Lak,1,15,0.6793893129770993,0.6065573770491803,0.6727272727272727,0.6379310344827587,0.7059808612440192
Dak_Lak,1,30,0.6106870229007634,0.5344827586206896,0.5636363636363636,0.5486725663716814,0.622488038277512
Dak_Lak,1,10,0.6030534351145038,0.5283018867924528,0.509090909090909,0.5185185185185185,0.6617224880382775
Dak_Lak,1,5,0.5954198473282443,0.5227272727272727,0.41818181818181815,0.46464646464646464,0.6002392344497608
Dak_Lak,1,7,0.6030534351145038,0.5365853658536586,0.4,0.4583333333333333,0.6110047846889951
Dak_Lak,1,3,0.5572519083969466,0.46153846153846156,0.32727272727272727,0.3829787234042553,0.5801435406698565
Dien_Bien,1,7,0.6717557251908397,0.7804878048780488,0.48484848484848486,0.5981308411214953,0.6839160839160839
Dien_Bien,1,5,0.6793893129770993,0.8333333333333334,0.45454545454545453,0.5882352941176471,0.7254079254079254
Dien_Bien,1,30,0.648854961832061,0.75,0.45454545454545453,0.5660377358490566,0.6867132867132867
Dien_Bien,1,15,0.6412213740458015,0.7317073170731707,0.45454545454545453,0.5607476635514018,0.6902097902097902
Dien_Bien,1,10,0.6335877862595419,0.725,0.4393939393939394,0.5471698113207547,0.7062937062937064
Dien_Bien,1,3,0.6564885496183206,0.8181818181818182,0.4090909090909091,0.5454545454545454,0.7377622377622377
Dong_Nai,1,10,0.6717557251908397,0.6862745098039216,0.5645161290322581,0.6194690265486725,0.7155212716222533
Dong_Nai,1,5,0.6641221374045801,0.6730769230769231,0.5645161290322581,0.6140350877192983,0.6846657316503039
Dong_Nai,1,15,0.6717557251908397,0.6938775510204082,0.5483870967741935,0.6126126126126126,0.717391304347826
Dong_Nai,1,30,0.6564885496183206,0.673469387755102,0.532258064516129,0.5945945945945946,0.6783543712014959
Dong_Nai,1,7,0.648854961832061,0.6666666666666666,0.5161290322580645,0.5818181818181818,0.7003272557269752
Dong_Nai,1,3,0.6335877862595419,0.64,0.5161290322580645,0.5714285714285714,0.6818606825619448
Dong_Thap,1,5,0.6259541984732825,0.6923076923076923,0.6081081081081081,0.6474820143884892,0.6607396870554765
Dong_Thap,1,30,0.6183206106870229,0.7068965517241379,0.5540540540540541,0.6212121212121212,0.6538643907064962
Dong_Thap,1,10,0.5954198473282443,0.6666666666666666,0.5675675675675675,0.6131386861313869,0.6386913229018493
Dong_Thap,1,15,0.5954198473282443,0.6779661016949152,0.5405405405405406,0.6015037593984962,0.6498340445708867
Dong_Thap,1,3,0.5725190839694656,0.6451612903225806,0.5405405405405406,0.5882352941176471,0.6251778093883357
Dong_Thap,1,7,0.5648854961832062,0.6545454545454545,0.4864864864864865,0.5581395348837209,0.6465149359886202
Gia_Lai,1,15,0.7862595419847328,0.6938775510204082,0.723404255319149,0.7083333333333334,0.8356129685916919
Gia_Lai,1,7,0.7557251908396947,0.6363636363636364,0.7446808510638298,0.6862745098039216,0.7639311043566362
Gia_Lai,1,30,0.7786259541984732,0.7045454545454546,0.6595744680851063,0.6813186813186813,0.8272543059777101
Gia_Lai,1,3,0.7633587786259542,0.6739130434782609,0.6595744680851063,0.6666666666666666,0.7631712259371833
Gia_Lai,1,5,0.7404580152671756,0.6181818181818182,0.723404255319149,0.6666666666666666,0.75
Gia_Lai,1,10,0.7557251908396947,0.6530612244897959,0.6808510638297872,0.6666666666666666,0.7938196555217832
Ha_Noi,1,5,0.7557251908396947,0.8076923076923077,0.875,0.84,0.7261904761904762
Ha_Noi,1,3,0.7404580152671756,0.8163265306122449,0.8333333333333334,0.8247422680412371,0.7443452380952381
Ha_Noi,1,10,0.732824427480916,0.7961165048543689,0.8541666666666666,0.8241206030150754,0.7178571428571429
Ha_Noi,1,15,0.7251908396946565,0.7884615384615384,0.8541666666666666,0.82,0.6839285714285714
Ha_Noi,1,30,0.7251908396946565,0.7941176470588235,0.84375,0.8181818181818182,0.6452380952380953
Ha_Noi,1,7,0.7251908396946565,0.8,0.8333333333333334,0.8163265306122449,0.6809523809523811
Ha_Tinh,1,7,0.5572519083969466,0.5535714285714286,0.8857142857142857,0.6813186813186813,0.5620608899297423
Ha_Tinh,1,3,0.5725190839694656,0.57,0.8142857142857143,0.6705882352941176,0.5899297423887587
Ha_Tinh,1,10,0.5267175572519084,0.5344827586206896,0.8857142857142857,0.6666666666666666,0.5201405152224824
Ha_Tinh,1,30,0.549618320610687,0.5514018691588785,0.8428571428571429,0.6666666666666666,0.4852459016393442
Ha_Tinh,1,15,0.5343511450381679,0.5412844036697247,0.8428571428571429,0.659217877094972,0.4873536299765808
Ha_Tinh,1,5,0.48854961832061067,0.514018691588785,0.7857142857142857,0.6214689265536724,0.5156908665105386
Hai_Phong,1,30,0.648854961832061,0.6831683168316832,0.8313253012048193,0.75,0.6224899598393574
Hai_Phong,1,15,0.6564885496183206,0.6979166666666666,0.8072289156626506,0.7486033519553073,0.5918674698795181
Hai_Phong,1,7,0.648854961832061,0.6868686868686869,0.8192771084337349,0.7472527472527473,0.5901104417670683
Hai_Phong,1,5,0.6564885496183206,0.7021276595744681,0.7951807228915663,0.7457627118644068,0.6222389558232931
Hai_Phong,1,3,0.648854961832061,0.7032967032967034,0.7710843373493976,0.735632183908046,0.6046686746987951
Hai_Phong,1,10,0.6335877862595419,0.6804123711340206,0.7951807228915663,0.7333333333333333,0.5848393574297189
Ho_Chi_Minh,1,3,0.6564885496183206,0.7142857142857143,0.5797101449275363,0.64,0.7113136979897148
Ho_Chi_Minh,1,15,0.6641221374045801,0.7358490566037735,0.5652173913043478,0.639344262295082,0.7230014025245443
Ho_Chi_Minh,1,7,0.6717557251908397,0.76,0.5507246376811594,0.6386554621848739,0.708976157082749
Ho_Chi_Minh,1,30,0.6412213740458015,0.6833333333333333,0.5942028985507246,0.6356589147286822,0.6804581580177654
Ho_Chi_Minh,1,10,0.6717557251908397,0.7708333333333334,0.5362318840579711,0.6324786324786325,0.7260402057035998
Ho_Chi_Minh,1,5,0.648854961832061,0.7169811320754716,0.5507246376811594,0.6229508196721312,0.701028517999065
Hue,1,7,0.5954198473282443,0.5698924731182796,0.803030303030303,0.6666666666666666,0.6517482517482518
Hue,1,5,0.6183206106870229,0.5975609756097561,0.7424242424242424,0.6621621621621622,0.6680652680652681
Hue,1,3,0.648854961832061,0.6428571428571429,0.6818181818181818,0.6617647058823529,0.6883449883449884
Hue,1,10,0.5877862595419847,0.5697674418604651,0.7424242424242424,0.6447368421052632,0.6855477855477855
Hue,1,15,0.5648854961832062,0.5569620253164557,0.6666666666666666,0.6068965517241379,0.661072261072261
Hue,1,30,0.5954198473282443,0.6,0.5909090909090909,0.5954198473282443,0.6461538461538461
Hung_Yen,1,30,0.6717557251908397,0.7378640776699029,0.8260869565217391,0.7794871794871795,0.6212374581939799
Hung_Yen,1,3,0.6793893129770993,0.7659574468085106,0.782608695652174,0.7741935483870968,0.6636008918617614
Hung_Yen,1,15,0.6717557251908397,0.7578947368421053,0.782608695652174,0.7700534759358288,0.6315496098104794
Hung_Yen,1,5,0.6641221374045801,0.7448979591836735,0.7934782608695652,0.7684210526315789,0.641583054626533
Hung_Yen,1,7,0.6335877862595419,0.7340425531914894,0.75,0.7419354838709677,0.5975473801560759
Hung_Yen,1,10,0.6259541984732825,0.7263157894736842,0.75,0.7379679144385026,0.5989409141583055
Khanh_Hoa,1,30,0.5038167938931297,0.4864864864864865,0.5714285714285714,0.5255474452554745,0.5245098039215685
Khanh_Hoa,1,15,0.5114503816793893,0.49056603773584906,0.4126984126984127,0.4482758620689655,0.48085901027077493
Khanh_Hoa,1,5,0.5267175572519084,0.5102040816326531,0.3968253968253968,0.44642857142857145,0.48902894491129784
Khanh_Hoa,1,3,0.5190839694656488,0.5,0.38095238095238093,0.43243243243243246,0.46241830065359474
Khanh_Hoa,1,10,0.4580152671755725,0.43333333333333335,0.4126984126984127,0.42276422764227645,0.4176003734827264
Khanh_Hoa,1,7,0.4732824427480916,0.43478260869565216,0.31746031746031744,0.3669724770642202,0.44817927170868344
Lai_Chau,1,10,0.5954198473282443,0.8032786885245902,0.5444444444444444,0.6490066225165563,0.6528455284552847
Lai_Chau,1,5,0.5725190839694656,0.7575757575757576,0.5555555555555556,0.6410256410256411,0.6962059620596206
Lai_Chau,1,7,0.5877862595419847,0.8,0.5333333333333333,0.64,0.665040650406504
Lai_Chau,1,3,0.5954198473282443,0.8245614035087719,0.5222222222222223,0.6394557823129252,0.6848238482384824
Lai_Chau,1,15,0.5648854961832062,0.7704918032786885,0.5222222222222223,0.6225165562913907,0.6514905149051491
Lai_Chau,1,30,0.5572519083969466,0.7758620689655172,0.5,0.6081081081081081,0.6463414634146342
Lam_Dong,1,10,0.7175572519083969,0.8333333333333334,0.5797101449275363,0.6837606837606838,0.6706404862085086
Lam_Dong,1,5,0.6717557251908397,0.7321428571428571,0.5942028985507246,0.656,0.6846657316503039
Lam_Dong,1,7,0.6717557251908397,0.7407407407407407,0.5797101449275363,0.6504065040650406,0.6711079943899017
Lam_Dong,1,15,0.6946564885496184,0.8222222222222222,0.5362318840579711,0.6491228070175439,0.712248714352501
Lam_Dong,1,3,0.6564885496183206,0.7307692307692307,0.5507246376811594,0.628099173553719,0.6552127162225339
Lam_Dong,1,30,0.6564885496183206,0.8529411764705882,0.42028985507246375,0.5631067961165048,0.7180925666199158
Lang_Son,1,5,0.6641221374045801,0.6938775510204082,0.8292682926829268,0.7555555555555555,0.6159780985564957
Lang_Son,1,15,0.648854961832061,0.6764705882352942,0.8414634146341463,0.75,0.5495271279243404
Lang_Son,1,3,0.6564885496183206,0.6907216494845361,0.8170731707317073,0.7486033519553073,0.646590343454455
Lang_Son,1,10,0.6335877862595419,0.673469387755102,0.8048780487804879,0.7333333333333333,0.57715281234445
Lang_Son,1,7,0.6259541984732825,0.6666666666666666,0.8048780487804879,0.7292817679558011,0.5751617720258836
Lang_Son,1,30,0.6106870229007634,0.6504854368932039,0.8170731707317073,0.7243243243243244,0.566699850671976
Lao_Cai,1,15,0.732824427480916,0.7478991596638656,0.9468085106382979,0.8356807511737089,0.60149511213341
Lao_Cai,1,30,0.732824427480916,0.7478991596638656,0.9468085106382979,0.8356807511737089,0.6003450258769407
Lao_Cai,1,10,0.732824427480916,0.7521367521367521,0.9361702127659575,0.8341232227488151,0.5905692926969522
Lao_Cai,1,7,0.7175572519083969,0.7478260869565218,0.9148936170212766,0.8229665071770335,0.597757331799885
Lao_Cai,1,3,0.7099236641221374,0.7413793103448276,0.9148936170212766,0.819047619047619,0.5931569867740081
Lao_Cai,1,5,0.7099236641221374,0.75,0.8936170212765957,0.8155339805825242,0.5848188614146062
Nghe_An,1,3,0.6717557251908397,0.6526315789473685,0.8611111111111112,0.7425149700598802,0.6115819209039548
Nghe_An,1,15,0.6106870229007634,0.5963302752293578,0.9027777777777778,0.7182320441988951,0.5503766478342751
Nghe_An,1,10,0.5801526717557252,0.5765765765765766,0.8888888888888888,0.6994535519125683,0.535075329566855
Nghe_An,1,5,0.5877862595419847,0.5918367346938775,0.8055555555555556,0.6823529411764706,0.560969868173258
Nghe_An,1,30,0.5725190839694656,0.58,0.8055555555555556,0.6744186046511628,0.5331920903954803
Nghe_An,1,7,0.5572519083969466,0.5673076923076923,0.8194444444444444,0.6704545454545454,0.5254237288135594
Ninh_Binh,1,30,0.6793893129770993,0.7474747474747475,0.8131868131868132,0.7789473684210526,0.6
Ninh_Binh,1,10,0.6793893129770993,0.7634408602150538,0.7802197802197802,0.7717391304347826,0.6013736263736265
Ninh_Binh,1,15,0.6717557251908397,0.7553191489361702,0.7802197802197802,0.7675675675675676,0.6274725274725275
Ninh_Binh,1,3,0.6641221374045801,0.7526881720430108,0.7692307692307693,0.7608695652173914,0.6788461538461539
Ninh_Binh,1,5,0.6641221374045801,0.7526881720430108,0.7692307692307693,0.7608695652173914,0.6093406593406594
Ninh_Binh,1,7,0.6564885496183206,0.75,0.7582417582417582,0.7540983606557377,0.5837912087912088
Phu_Tho,1,3,0.6641221374045801,0.6808510638297872,0.8205128205128205,0.7441860465116279,0.6739235607160134
Phu_Tho,1,5,0.6335877862595419,0.6666666666666666,0.7692307692307693,0.7142857142857143,0.6018384131591679
Phu_Tho,1,10,0.6259541984732825,0.6559139784946236,0.782051282051282,0.7134502923976608,0.5878084179970973
Phu_Tho,1,15,0.6183206106870229,0.6521739130434783,0.7692307692307693,0.7058823529411765,0.5926463473633284
Phu_Tho,1,7,0.6030534351145038,0.6444444444444445,0.7435897435897436,0.6904761904761905,0.5849056603773585
Phu_Tho,1,30,0.5954198473282443,0.6344086021505376,0.7564102564102564,0.6900584795321637,0.5711175616835995
Quang_Ngai,1,3,0.7251908396946565,0.7323943661971831,0.7536231884057971,0.7428571428571429,0.7688172043010754
Quang_Ngai,1,10,0.6870229007633588,0.6842105263157895,0.7536231884057971,0.7172413793103448,0.7183263207106125
Quang_Ngai,1,7,0.6641221374045801,0.6582278481012658,0.7536231884057971,0.7027027027027027,0.7180925666199159
Quang_Ngai,1,5,0.6870229007633588,0.7058823529411765,0.6956521739130435,0.7007299270072993,0.7589995324918186
Quang_Ngai,1,15,0.6564885496183206,0.6764705882352942,0.6666666666666666,0.6715328467153284,0.7103786816269285
Quang_Ngai,1,30,0.6335877862595419,0.6363636363636364,0.7101449275362319,0.6712328767123288,0.6818606825619448
Quang_Ninh,1,30,0.6183206106870229,0.6777777777777778,0.7439024390243902,0.7093023255813954,0.5602289696366352
Quang_Ninh,1,15,0.6030534351145038,0.6666666666666666,0.7317073170731707,0.6976744186046512,0.5226480836236934
Quang_Ninh,1,7,0.5877862595419847,0.6555555555555556,0.7195121951219512,0.686046511627907,0.5413140866102538
Quang_Ninh,1,10,0.5877862595419847,0.6555555555555556,0.7195121951219512,0.686046511627907,0.5306122448979592
Quang_Ninh,1,3,0.5877862595419847,0.6627906976744186,0.6951219512195121,0.6785714285714286,0.5335988053758088
Quang_Ninh,1,5,0.5877862595419847,0.6627906976744186,0.6951219512195121,0.6785714285714286,0.5348432055749128
Quang_Tri,1,5,0.7022900763358778,0.7023809523809523,0.8082191780821918,0.7515923566878981,0.6809163911195087
Quang_Tri,1,3,0.6870229007633588,0.6904761904761905,0.7945205479452054,0.7388535031847133,0.7085498346717052
Quang_Tri,1,30,0.6412213740458015,0.6326530612244898,0.8493150684931506,0.7251461988304093,0.6483230987246102
Quang_Tri,1,15,0.6030534351145038,0.6,0.863013698630137,0.7078651685393258,0.6367501180916392
Quang_Tri,1,7,0.6335877862595419,0.6373626373626373,0.7945205479452054,0.7073170731707317,0.6518658478979688
Quang_Tri,1,10,0.5648854961832062,0.5833333333333334,0.7671232876712328,0.6627218934911243,0.6355692017005196
Son_La,1,10,0.5725190839694656,0.6712328767123288,0.6049382716049383,0.6363636363636364,0.5982716049382716
Son_La,1,30,0.5801526717557252,0.7241379310344828,0.5185185185185185,0.60431654676259,0.6234567901234568
Son_La,1,3,0.5572519083969466,0.6825396825396826,0.5308641975308642,0.5972222222222222,0.6456790123456789
Son_La,1,5,0.5419847328244275,0.6567164179104478,0.5432098765432098,0.5945945945945946,0.6207407407407407
Son_La,1,15,0.5419847328244275,0.6666666666666666,0.5185185185185185,0.5833333333333334,0.6088888888888889
Son_La,1,7,0.5038167938931297,0.6212121212121212,0.5061728395061729,0.5578231292517006,0.5911111111111111
Tay_Ninh,1,30,0.7022900763358778,0.7380952380952381,0.5254237288135594,0.6138613861386139,0.6993879472693032
Tay_Ninh,1,15,0.6946564885496184,0.7209302325581395,0.5254237288135594,0.6078431372549019,0.6970338983050848
Tay_Ninh,1,10,0.7022900763358778,0.75,0.5084745762711864,0.6060606060606061,0.6892655367231639
Tay_Ninh,1,7,0.6946564885496184,0.7317073170731707,0.5084745762711864,0.6,0.6666666666666666
Tay_Ninh,1,5,0.6641221374045801,0.6923076923076923,0.4576271186440678,0.5510204081632653,0.6567796610169492
Tay_Ninh,1,3,0.6793893129770993,0.7575757575757576,0.423728813559322,0.5434782608695652,0.6551318267419962
Thai_Nguyen,1,7,0.7099236641221374,0.7938144329896907,0.8105263157894737,0.8020833333333334,0.6853801169590643
Thai_Nguyen,1,15,0.7022900763358778,0.7745098039215687,0.8315789473684211,0.8020304568527918,0.6479532163742691
Thai_Nguyen,1,10,0.7022900763358778,0.78,0.8210526315789474,0.8,0.6017543859649124
Thai_Nguyen,1,30,0.6946564885496184,0.7669902912621359,0.8315789473684211,0.797979797979798,0.5836257309941519
Thai_Nguyen,1,5,0.7022900763358778,0.7916666666666666,0.8,0.7958115183246073,0.6929824561403508
Thai_Nguyen,1,3,0.6870229007633588,0.7934782608695652,0.7684210526315789,0.7807486631016043,0.6292397660818713
Thanh_Hoa,1,30,0.6412213740458015,0.6836734693877551,0.8072289156626506,0.7403314917127072,0.5672690763052208
Thanh_Hoa,1,7,0.6412213740458015,0.6875,0.7951807228915663,0.7374301675977654,0.5471887550200804
Thanh_Hoa,1,10,0.6259541984732825,0.6770833333333334,0.7831325301204819,0.7262569832402235,0.5534638554216867
Thanh_Hoa,1,5,0.6259541984732825,0.6847826086956522,0.7590361445783133,0.72,0.5717871485943775
Thanh_Hoa,1,3,0.6259541984732825,0.6976744186046512,0.7228915662650602,0.7100591715976331,0.6267570281124498
Thanh_Hoa,1,15,0.6030534351145038,0.6631578947368421,0.7590361445783133,0.7078651685393258,0.5496987951807228
Tuyen_Quang,1,15,0.6946564885496184,0.7575757575757576,0.8241758241758241,0.7894736842105263,0.5585164835164835
Tuyen_Quang,1,5,0.6793893129770993,0.7525773195876289,0.8021978021978022,0.776595744680851,0.6104395604395605
Tuyen_Quang,1,30,0.6793893129770993,0.7525773195876289,0.8021978021978022,0.776595744680851,0.564010989010989
Tuyen_Quang,1,10,0.6641221374045801,0.7422680412371134,0.7912087912087912,0.7659574468085106,0.5552197802197802
Tuyen_Quang,1,7,0.6717557251908397,0.7608695652173914,0.7692307692307693,0.7650273224043715,0.5936813186813187
Tuyen_Quang,1,3,0.6564885496183206,0.7395833333333334,0.7802197802197802,0.7593582887700535,0.6445054945054945
Vinh_Long,1,15,0.549618320610687,0.5636363636363636,0.4696969696969697,0.512396694214876,0.607925407925408
Vinh_Long,1,30,0.5572519083969466,0.58,0.4393939393939394,0.5,0.5771561771561772
Vinh_Long,1,10,0.5419847328244275,0.5576923076923077,0.4393939393939394,0.4915254237288136,0.5743589743589744
Vinh_Long,1,7,0.549618320610687,0.5714285714285714,0.42424242424242425,0.48695652173913045,0.5482517482517482
Vinh_Long,1,3,0.5038167938931297,0.5098039215686274,0.3939393939393939,0.4444444444444444,0.4925407925407925
Vinh_Long,1,5,0.4961832061068702,0.5,0.36363636363636365,0.42105263157894735,0.5188811188811189
